{
  "epoch_accs": [
    0.0586991667703022,
    0.11528416863574183,
    0.15968163163785598,
    0.18778758860838204,
    0.20606889690337024,
    0.23268250217634623,
    0.24959582141524686,
    0.28205447083696056,
    0.2844173610247482,
    0.2928740206441985,
    0.30182813082949883,
    0.31563238403183685,
    0.33005845044148735,
    0.33030717572441237,
    0.3388881979853252,
    0.32918791195124986,
    0.3503295609998756,
    0.3516975500559632,
    0.36736724288023875,
    0.35418480288521326,
    0.37171993533142644,
    0.36326327571197614,
    0.36923268250217633,
    0.3699788583509514,
    0.3763213530655391,
    0.3893794304191021,
    0.37967914438502676,
    0.38863325457032705,
    0.3815445840069643,
    0.3897525183434896,
    0.39261285909712723,
    0.39547319985076484,
    0.39883099117025245,
    0.3974630021141649,
    0.39696555154831487,
    0.4030593209799776,
    0.4117647058823529,
    0.3998258923019525,
    0.41375450814575304,
    0.40679020022385276,
    0.4079094639970153,
    0.41151598059942796,
    0.4143763213530655,
    0.4062927496580027,
    0.4214649919164283,
    0.4214649919164283,
    0.42245989304812837,
    0.4183559258798657,
    0.4271856734237035,
    0.41226215644820297
  ],
  "final_acc": 0.41226215644820297,
  "best_acc": 0.4271856734237035,
  "config": {
    "seed": 42,
    "dataset": "cars",
    "data_root": "./data",
    "image_size": 224,
    "backbone": "resnet18",
    "probe": {
      "optimizer": "sgd",
      "lr": 0.01,
      "momentum": 0.9,
      "weight_decay": 0.0,
      "batch_size": 64,
      "num_workers": 4,
      "epochs": 50
    },
    "log_every": 50,
    "results_dir": "./results",
    "run_name": "baseline_probe_resnet18_cars"
  }
}